"company_name","nz_id","lei","sics_sector","years_available","n_years","has_scope1","has_scope3"
"1000MERCIS",27130,"9695009UQ3QIRQZAWU89","Services","2021",1,TRUE,TRUE
"74SOFTWARE",19608,"96950022O6SP7FQONJ77","Technology & Communications","2018, 2019, 2020, 2021, 2022",5,TRUE,TRUE
"ACTIA GROUP",19836,"969500UPP3G1EYL1UI19","Transportation","2020, 2021",2,TRUE,FALSE
"ADM Group",17247,,"Information Not Available","2020, 2021, 2022",3,TRUE,TRUE
"AIR FRANCE - KLM",11583,"969500AQW31GYO8JZD66","Transportation","2018, 2019, 2020, 2021, 2022",5,TRUE,TRUE
"AL BABTAIN",15650,,"Information Not Available","2019",1,TRUE,TRUE
"ALBIOMA",17274,"9695002W8GRJRZ44MA62","Infrastructure","2020, 2021, 2022",3,TRUE,TRUE
"ANAIK SAS",25406,,"Information Not Available","2020, 2022",2,TRUE,TRUE
"ANAXIS ASSET MANAGEMENT",21128,"9695005VR5O4WBJDM975","Information Not Available","2021",1,FALSE,TRUE
"ANJAC",24237,,"Information Not Available","2021, 2022",2,TRUE,TRUE
"ATAM",25117,,"Information Not Available","2021, 2022",2,TRUE,FALSE
"AXA Group",11753,,"Information Not Available","2018, 2019, 2020, 2021, 2022",5,TRUE,TRUE
"Alstef Mobile Robotics",23341,,"Information Not Available","2022",1,TRUE,TRUE
"Apside",20806,,"Information Not Available","2021, 2023",2,TRUE,TRUE
"Aqseptence Group SAS",22370,,"Information Not Available","2021",1,TRUE,TRUE
"Arkea",20290,,"Information Not Available","2018, 2019, 2020, 2021, 2022",5,TRUE,TRUE
"Axilone Group",14228,,"Information Not Available","2018, 2019, 2020, 2021, 2022",5,TRUE,TRUE
"BAIKOWSKI",17374,"969500JJOFGPP40OOE78","Resource Transformation","2020, 2021, 2022",3,TRUE,FALSE
"BASTIDE LE CONFORT MEDICAL",19711,"969500RC3F6AGLE5IT57","Health Care","2022",1,TRUE,TRUE
"BELLEN CHEMISTRY",21777,,"Information Not Available","2021, 2022",2,FALSE,FALSE
"BLANCHISSERIE DE LA COTE D'EMERAUDE",21438,,"Information Not Available","2021, 2023",2,TRUE,FALSE
"BLUELINK INTERNATIONAL",26169,,"Information Not Available","2022",1,TRUE,TRUE
"BNP PARIBAS",11838,"R0MUWSFPU8MPRO8K5P83","Financials","2018, 2019, 2020, 2021, 2022",5,TRUE,TRUE
"BOCCARD",11840,,"Information Not Available","2018, 2019, 2020, 2021, 2022",5,TRUE,TRUE
"BOLLORE SE",11842,"969500LEKCHH6VV86P94","Transportation","2018, 2019, 2020, 2021, 2022",5,TRUE,TRUE
"BOUYGUES",11850,"969500MOCLNQFNZN0D63","Infrastructure","2018, 2019, 2020, 2021, 2022",5,TRUE,TRUE
"Besson",15750,,"Information Not Available","2019, 2020, 2021, 2022",4,TRUE,TRUE
"Bio Springer",19671,,"Information Not Available","2019, 2020, 2021, 2022",4,TRUE,FALSE
"Blondel Groupe Transport Logistique",21433,,"Information Not Available","2021, 2022",2,TRUE,FALSE
"Brossier Saderne",17454,,"Information Not Available","2021",1,TRUE,TRUE
"CAILLAU SAS",21780,,"Information Not Available","2021",1,TRUE,FALSE
"CGG SA",17515,,"Information Not Available","2018, 2019, 2020, 2021, 2022",5,TRUE,TRUE
"CGR (COMPTOIR GENERAL DU RESSORT)",21689,,"Information Not Available","2020, 2021, 2022",3,TRUE,FALSE
"CHANEL",17518,,"Information Not Available","2019, 2020, 2021, 2022",4,TRUE,TRUE
"CHOMETTE",21439,,"Information Not Available","2021",1,TRUE,FALSE
"CLASQUIN SA",21606,"9695004FF6FA43KC4764","Transportation","2020, 2021, 2022",3,TRUE,TRUE
"CLININFO SAS",25469,,"Information Not Available","2022",1,FALSE,TRUE
"CMA CGM Group",12008,,"Information Not Available","2018, 2019, 2020, 2022",4,TRUE,TRUE
"CNP ASSURANCES",12013,"969500QKVPV2H8UXM738","Financials","2018, 2019, 2020, 2021, 2022",5,TRUE,TRUE
"COMPAGNIE DAHER",15910,"9695007HZEMQXKZKY735","Information Not Available","2018, 2019, 2020, 2021, 2022",5,TRUE,TRUE
"CONCENTRIX S.A.S. FRANCE",19203,"549300NWLAMU6V1SEU32","Information Not Available","2019, 2020, 2021, 2022",4,TRUE,TRUE
"CREDIT AGRICOLE SA",12086,"969500TJ5KRTCJQWXH05","Financials","2018, 2019, 2020, 2021, 2022",5,TRUE,TRUE
"CROUZET AUTOMATISMES",22575,,"Information Not Available","2021",1,TRUE,FALSE
"CWT",22980,,"Information Not Available","2021, 2022",2,TRUE,TRUE
"Carmila",17492,"222100P6D3QKU33LZQ72","Infrastructure","2020, 2021, 2022",3,TRUE,TRUE
"Constellium SE",12054,,"Information Not Available","2018",1,TRUE,TRUE
"DEFONTAINE SAS",27188,,"Information Not Available","2022",1,TRUE,FALSE
"DEFTA",20632,,"Information Not Available","2021",1,FALSE,TRUE
"DERICHEBOURG",27250,"969500QOO4C4IPGID263","Infrastructure","2019, 2020, 2021, 2022",4,TRUE,TRUE
"DEVILLE",17674,,"Information Not Available","2020",1,TRUE,TRUE
"DIFFUSIONS AROMATIQUES",23846,,"Information Not Available","2022",1,FALSE,TRUE
"DISTRICOM SALES AND MARKETING",22876,,"Information Not Available","2021, 2022",2,TRUE,TRUE
"DOCTOLIB SA",25174,,"Information Not Available","2021, 2022",2,TRUE,FALSE
"DRT",15960,,"Information Not Available","2020, 2021",2,TRUE,TRUE
"Dammann Freres",20805,,"Information Not Available","2019",1,TRUE,TRUE
"Data4",25815,,"Information Not Available","2020, 2021, 2022",3,TRUE,TRUE
"Dcw Entreprises",20801,,"Information Not Available","2021",1,TRUE,TRUE
"EDEL TAMP",14485,,"Information Not Available","2019",1,FALSE,FALSE
"EGG USA LLC",27162,,"Information Not Available","2022",1,TRUE,TRUE
"EIFFAGE ENERGIE SYSTEMES - RESEAU MOBILE",23685,,"Information Not Available","2023",1,TRUE,FALSE
"EKIMETRICS",22878,,"Information Not Available","2021, 2022",2,TRUE,TRUE
"ELIDOSE",15992,,"Information Not Available","2019, 2020, 2021",3,TRUE,TRUE
"ELIOR GROUP",17768,"969500LYSYS0E800SQ95","Food & Beverage","2020, 2021, 2022",3,TRUE,TRUE
"ELO",11733,"969500ASEC557H5A4F22","Food & Beverage","2018, 2019, 2020, 2021, 2022",5,TRUE,TRUE
"EMEIS",15080,"969500LHIH3NT7PK1V89","Health Care","2018, 2019, 2020, 2021, 2022",5,TRUE,TRUE
"EURAZEO",12290,"969500C656AA39O94N60","Financials","2018, 2019, 2020, 2021, 2022",5,TRUE,TRUE
"Ecotone",12220,,"Information Not Available","2018",1,TRUE,TRUE
"Eurostyle Systems SAS",17932,,"Information Not Available","2020, 2021, 2022",3,TRUE,TRUE
"Exclusive Networks S.A.",23473,,"Information Not Available","2022",1,TRUE,TRUE
"FAREVA",16041,,"Information Not Available","2018, 2019, 2020, 2021, 2022",5,TRUE,TRUE
"Faurecia",14546,,"Information Not Available","2018, 2019, 2020, 2021",4,TRUE,TRUE
"GAGGIONE (BABYLONE)",16103,,"Information Not Available","2022",1,FALSE,FALSE
"GAZTRANSPORT ET TECHNIGAZ",12398,"969500BVOHVZUUFWDT54","Infrastructure","2019, 2020, 2021, 2022",4,TRUE,TRUE
"GECINA",14596,"9695003E4MMA10IBTR26","Infrastructure","2018, 2019, 2020, 2021, 2022",5,TRUE,TRUE
"GINDRE",25508,,"Information Not Available","2022",1,TRUE,TRUE
"GMD-EUROCAST",17931,,"Information Not Available","2019, 2020, 2021, 2022",4,TRUE,TRUE
"GMD_SEALYNX",17933,,"Information Not Available","2020",1,TRUE,TRUE
"GROSPIRON SARL",27009,,"Information Not Available","2022",1,TRUE,TRUE
"GROUPE MATFER BOURGEAT",24675,,"Information Not Available","2022",1,TRUE,TRUE
"Gefco",12401,,"Information Not Available","2018, 2019, 2020, 2021",4,TRUE,TRUE
"GreenYellow",25723,,"Information Not Available","2021, 2022",2,TRUE,TRUE
"Greenly",27310,,"Information Not Available","2022",1,TRUE,TRUE
"Grosfillex SAS",19352,,"Information Not Available","2021",1,TRUE,FALSE
"Groupe BPCE",16146,,"Information Not Available","2019, 2020, 2021, 2022",4,TRUE,TRUE
"Groupe Gorgé",16147,,"Information Not Available","2018, 2019",2,TRUE,FALSE
"Groupe PSA",12454,,"Information Not Available","2018, 2019",2,TRUE,TRUE
"Havas",12510,,"Information Not Available","2018, 2019, 2020, 2021",4,TRUE,TRUE
"Heppner",18018,,"Information Not Available","2019, 2020, 2021, 2022",4,TRUE,TRUE
"IDEMIA",16223,,"Information Not Available","2018, 2019, 2020, 2021",4,TRUE,TRUE
"ITANCIA",25175,,"Information Not Available","2020, 2022",2,TRUE,TRUE
"ITS PARTICIPATIONS",27177,,"Information Not Available","2021, 2022",2,TRUE,TRUE
"Id2",18082,,"Information Not Available","2019, 2020, 2021",3,TRUE,TRUE
"Infotel",23192,,"Information Not Available","2019, 2022",2,TRUE,TRUE
"KLEPIERRE",12800,"969500PB4U31KEFHZ621","Infrastructure","2018, 2019, 2020, 2021, 2022",5,TRUE,TRUE
"Korian SA",14850,,"Information Not Available","2018, 2020",2,TRUE,TRUE
"LA SOIE NEYME",22429,,"Information Not Available","2021, 2022",2,TRUE,TRUE
"LABORATOIRES SANDRALEX",18288,,"Information Not Available","2020, 2021",2,TRUE,TRUE
"LAGARDERE SA",23036,"969500VX2NV2AQQ65G45","Services","2022",1,TRUE,TRUE
"LATECOERE",19609,"969500F9H7I22AX1D138","Resource Transformation","2021, 2022",2,TRUE,TRUE
"LAUREN INFORMATION TECHNOLOGIES",22733,,"Information Not Available","2022",1,FALSE,FALSE
"LE PALAIS DES THES",24676,,"Information Not Available","2021",1,TRUE,TRUE
"LECTRA",16379,"9695000KWQEBUDT6IO19","Technology & Communications","2018, 2019, 2020, 2021, 2022",5,TRUE,TRUE
"LEMAN INDUSTRIE SA",24814,,"Information Not Available","2020",1,FALSE,TRUE
"LEMMA SARL",22776,,"Information Not Available","2021",1,TRUE,TRUE
"LES ETIQUETTES HAAS",12877,,"Information Not Available","2018, 2019, 2022",3,TRUE,TRUE
"LESIEUR",18310,,"Information Not Available","2019, 2020, 2021, 2022",4,TRUE,TRUE
"LISI",12902,"969500UU4O58BR802Y55","Resource Transformation","2019, 2021, 2022",3,TRUE,TRUE
"LVMH MOET HENNESSY LOUIS VUITTON",14903,"IOG4E947OATN0KJYSD45","Consumer Goods","2018, 2019, 2020, 2021, 2022",5,TRUE,TRUE
"La Banque Postale",14867,,"Information Not Available","2018, 2019, 2020, 2021, 2022",5,TRUE,TRUE
"La Financiere de l'Echiquier",19694,,"Information Not Available","2021",1,FALSE,FALSE
"Lesaffre and Compagnie",27274,,"Information Not Available","2020, 2021, 2022",3,TRUE,TRUE
"Logteam",20807,,"Information Not Available","2022",1,FALSE,FALSE
"MALTEUROP",14921,,"Information Not Available","2018",1,TRUE,FALSE
"MATRIOCHKA INFLUENCES",22129,,"Information Not Available","2021",1,FALSE,TRUE
"MECACHROME",23882,,"Information Not Available","2021",1,TRUE,TRUE
"MEDIA 6",14945,"969500CTWTBU17XY8495","Services","2018, 2019, 2020, 2022",4,TRUE,TRUE
"MEDINCELL S.A.",20513,"969500R79U6PXCL2FF46","Health Care","2018, 2019, 2020, 2021, 2022, 2023",6,FALSE,TRUE
"MSV",14996,,"Information Not Available","2019",1,TRUE,FALSE
"MarieLaurePLV",12956,,"Information Not Available","2018, 2019, 2020, 2021, 2022",5,TRUE,TRUE
"Mersen SA",16461,,"Information Not Available","2018, 2019, 2020, 2021, 2022",5,TRUE,TRUE
"Mobiwire",18431,,"Information Not Available","2020",1,TRUE,TRUE
"MÄDER Group",25445,,"Information Not Available","2022",1,TRUE,FALSE
"NEMERA LA VERPILLIERE SAS",21076,,"Information Not Available","2019, 2020, 2021, 2022",4,TRUE,TRUE
"NEOEN",20517,"969500C0AIAGQWZGJO13","Renewable Resources & Alternative Energy","2020, 2022",2,TRUE,TRUE
"Natixis SA",13095,,"Information Not Available","2018",1,TRUE,TRUE
"O+M",20608,,"Information Not Available","2022",1,TRUE,TRUE
"OLVEA",15073,,"Information Not Available","2019, 2020, 2021, 2022",4,TRUE,TRUE
"Oceane Consulting",20808,,"Information Not Available","2022",1,TRUE,FALSE
"Orano",18560,,"Information Not Available","2018, 2019, 2020, 2021, 2022",5,TRUE,TRUE
"Ouest Bedding",24197,,"Information Not Available","2021",1,TRUE,TRUE
"PCE MOBILE",26706,,"Information Not Available","2023",1,TRUE,FALSE
"PIERRE FABRE",23367,,"Information Not Available","2019, 2021, 2022",3,TRUE,TRUE
"PRECISION CASTPARTS CORP FRANCE",18651,,"Information Not Available","2020",1,TRUE,FALSE
"Paragon Transaction",18587,,"Information Not Available","2021, 2022",2,TRUE,TRUE
"Plastivaloire",23447,,"Resource Transformation","2019, 2020, 2021, 2022",4,TRUE,FALSE
"Postforming Industries",20802,,"Information Not Available","2022",1,FALSE,FALSE
"Pusterla 1880 Asia",25719,,"Information Not Available","2021, 2022",2,TRUE,TRUE
"RENAULT",13400,"969500F7JLTX36OUI695","Transportation","2018, 2019, 2020, 2021, 2022",5,TRUE,TRUE
"RISKOVER SPRL-",20481,,"Information Not Available","2021",1,TRUE,FALSE
"ROSSOW",16758,,"Information Not Available","2019, 2020, 2021, 2022",4,TRUE,TRUE
"ROTHSCHILD & CO",15185,"549300ILF3L0BBIDPZ11","Financials","2018, 2019, 2020, 2021, 2022",5,TRUE,TRUE
"RUBIS",18765,"969500MGFIKUGLTC9742","Extractives & Minerals Processing","2019, 2020, 2021, 2022",4,TRUE,TRUE
"RYSSEN ALCOHOL",15190,,"Information Not Available","2018, 2019, 2020",3,TRUE,TRUE
"Rafaut",21434,,"Information Not Available","2021, 2023",2,TRUE,TRUE
"Royal Can",22587,,"Information Not Available","2022",1,TRUE,FALSE
"Rubis Terminal Infra",22823,,"Information Not Available","2018, 2019, 2020, 2021, 2022",5,TRUE,TRUE
"S.A.M.(SOCIETE ARTISANALE DE MENUISERIE)",26691,,"Information Not Available","2023",1,FALSE,FALSE
"SABENA",23881,,"Information Not Available","2021",1,TRUE,TRUE
"SAINT JEAN INDUSTRIES SAS",20040,,"Information Not Available","2019",1,TRUE,FALSE
"SARL TELLI TRANS",21031,,"Information Not Available","2018, 2019, 2020, 2021",4,TRUE,FALSE
"SAVONNERIE DE HAUTE PROVENCE SAS",20850,,"Information Not Available","2019, 2020, 2021, 2023",4,TRUE,TRUE
"SCOR SE",15217,"96950056ULJ4JI7V3752","Financials","2018, 2019, 2020, 2021, 2022",5,TRUE,TRUE
"SERAC",15230,,"Information Not Available","2019, 2020, 2021, 2022, 2023",5,TRUE,TRUE
"SERMA GROUPE",26525,,"Information Not Available","2022",1,TRUE,TRUE
"SHIFT TECHNOLOGY INC",21468,,"Information Not Available","2021",1,TRUE,TRUE
"SIA PARTNERS-",24367,,"Information Not Available","2022",1,TRUE,TRUE
"SNF Group",16890,,"Information Not Available","2018, 2019, 2020, 2021, 2022",5,TRUE,TRUE
"SOCAT",26530,,"Information Not Available","2023",1,TRUE,FALSE
"SOCIETE BIC",11826,"969500UR00DF63I0VH67","Consumer Goods","2018, 2019, 2020, 2021, 2022",5,TRUE,TRUE
"SOCIETE GENERALE",13607,"O2RNE8IBXP4R0TD8PU41","Financials","2018, 2019, 2020, 2021, 2022",5,TRUE,TRUE
"SOGECLAIR",23883,"9695005NNHRB8KW54I35","Resource Transformation","2022",1,TRUE,TRUE
"SOLABIA",13613,,"Information Not Available","2018, 2019, 2020, 2021, 2022",5,TRUE,TRUE
"SOVEREP GROUP - SOVENEI- ROBERT LOEB",27083,,"Information Not Available","2022",1,FALSE,TRUE
"STEF",20180,"9695008BIKG0E486UL47","Transportation","2020, 2021",2,FALSE,TRUE
"STRATEGIR",25675,,"Information Not Available","2021",1,TRUE,TRUE
"SUPERGA BEAUTY",14248,,"Information Not Available","2018, 2019, 2020, 2021, 2022",5,TRUE,TRUE
"SYNERGIE",19500,"969500J2V41R87GPTD23","Services","2021",1,TRUE,TRUE
"Sidel Group",18869,,"Information Not Available","2019, 2020, 2022",3,TRUE,TRUE
"Soat",18910,,"Information Not Available","2019, 2020, 2022",3,TRUE,TRUE
"Societe Pour L'Informatique",19484,,"Information Not Available","2022, 2023",2,TRUE,TRUE
"Somater",18918,,"Information Not Available","2020, 2021, 2022",3,TRUE,TRUE
"Stef",23145,,"Transportation","2019, 2020, 2021, 2022",4,TRUE,TRUE
"Suez SA",26030,,"Information Not Available","2021, 2022",2,TRUE,TRUE
"THERMADOR GROUPE",19499,"969500SSIGMAGT008F11","Consumer Goods","2021, 2022",2,TRUE,TRUE
"TIKEHAU CAPITAL",23820,"969500BY8TEU16U3SJ94","Financials","2021, 2022",2,TRUE,TRUE
"Telenco Networks",27312,,"Information Not Available","2022",1,TRUE,TRUE
"Tesca Group",16997,,"Information Not Available","2019",1,TRUE,FALSE
"The Fives Group",22671,,"Information Not Available","2022",1,TRUE,FALSE
"TotalEnergies SE",13848,"529900S21EQ1BO4ESM68","Extractives & Minerals Processing","2018, 2019, 2020, 2021, 2022",5,TRUE,TRUE
"Umanis Sa",20809,,"Information Not Available","2021",1,FALSE,TRUE
"Unisto Saint Louis",27235,,"Information Not Available","2020, 2021, 2022",3,TRUE,TRUE
"VENEDIM TELECOM",19172,,"Information Not Available","2020, 2021, 2022",3,TRUE,TRUE
"VICAT",19177,"9695009YI1863TOVDP79","Extractives & Minerals Processing","2020, 2021, 2022",3,TRUE,TRUE
"VIEL ET COMPAGNIE",23123,"9695004FALTKA67E3T78","Financials","2022",1,TRUE,TRUE
"VIGNAL SYSTEMS",17114,,"Information Not Available","2018, 2019",2,TRUE,TRUE
"VISEO TECHNOLOGIES",17118,,"Information Not Available","2019",1,TRUE,TRUE
"VMI",21463,,"Information Not Available","2019, 2021, 2022",3,TRUE,TRUE
"Vabel",15502,,"Information Not Available","2018",1,TRUE,TRUE
"Vitura",15524,,"Information Not Available","2018, 2019, 2020, 2021",4,TRUE,TRUE
"WAUTERS GROUP",24230,,"Information Not Available","2022",1,TRUE,TRUE
"WENDEL",23096,"969500M98ZMIZYJD5O34","Financials","2019, 2020, 2021, 2022",4,TRUE,TRUE
"wedoogift",19204,,"Information Not Available","2021",1,TRUE,FALSE
