"company_name","sbti_id","lei","sbti_sector","commitment_status","n_targets","scopes","target_years","nzdpu_nz_id"
"A2MAC1",40006313,,"Professional Services",,1,"1+2","2030",
"AAF LA PROVIDENCE",40014514,,"Professional Services","Target set",2,"1+2","2033, 2050",
"AFFLELOU",40001157,"969500BQR81SU9OX9362","Retailing","Target set",1,"1+2","2030",
"AKTIVCO SAS",40018752,,"Telecommunication Services",,2,"1+2, 3","2030",
"ALE (ALCATEL-LUCENT ENTERPRISE)",40009371,"969500EV8RXEHAEGF813","Technology Hardware and Equipment",,4,"1+2, 3","2030, 2050",
"ANDROS SNC",40007781,"9695006ARZU1PBC9M649","Food and Beverage Processing","Target set",5,"1+2, 1+2+3, 3","2030, 2050",
"API Restauration",40016078,"969500VSAQLIE8CYZB07","Hotels, Restaurants and Leisure, and Tourism Services","Target set",2,"1+2, 3","2030",
"Acensi",40005465,,"Software and Services","Target set",2,"1+2, 3","2034",
"Agrial",40007848,"969500CIV6V451G2DU77","Food Production - Agricultural Production",,2,"1+2, 3","2035",
"Aigle International SA",40005978,"969500T1L5O1UQMH8U82","Textiles, Apparel, Footwear and Luxury Goods","Target set",1,"1+2","2030",
"Albea Group",40028060,,"Containers and Packaging","Target set",2,"1+2, 3","2033",
"Altavia",40008084,"969500RXPARG4JZAD475","Media","Target set",2,"1+2, 3","2030",
"Aroma-Zone",40008820,"894500LVQ8VHVINC0D09","Consumer Durables, Household and Personal Products","Target set",1,"1","2030",
"Artelia",40015719,"969500NUCZ5RIK0KIC66","Construction and Engineering","Target set",2,"1+2, 3","2030",
"Ateme",40012635,,"Software and Services",,1,"1+2","2030",
"Axereal group",40003727,,"Food Production - Agricultural Production","Target set",3,"1+2, 3","2030",
"Axione",40008088,,"Telecommunication Services","Target set",2,"1+2, 3","2030",
"B&B HOTELS",40003106,,"Hotels, Restaurants and Leisure, and Tourism Services","Target set",2,"1+2, 3","2030",
"BALSAN",40006156,"969500F46AT316953A90","Building Products","Target set",2,"1+2, 3","2035",
"BDO France",40006895,,"Professional Services","Target set",2,"1+2","2030, 2050",
"BEL S.A.",40010185,"5493005GNGE7UFJCIL03","Food and Beverage Processing","Target set",2,"1+2, 3","2035",
"BISCUITS BOUVARD",40000882,,"Food and Beverage Processing","Target set",2,"1+2, 3","2033",
"BOUYGUES CONSTRUCTION",40001272,,"Construction and Engineering","Target set",2,"1+2, 3","2030",
"BOUYGUES TELECOM",40006277,"9695007Q9M1S87XUJV47","Telecommunication Services",,2,"1+2, 3","2027",
"Bolloré Logistics",40013176,"969500P8ARTH28G0TS92","Air Freight Transportation and Logistics","Target set",3,"1+2, 3","2030",
"Bouygues Immobilier",40005841,"969500OGZDTIIRLRQU17","Real Estate","Target set",4,"1+2, 3","2030, 2050",
"CEGEDIM",40004471,"9695002XQWX9TKCOZT86","Software and Services","Target set",2,"1+2, 3","2030",
"CLAYENS NP",40008711,"969500BVZE9NLMMSL790","Automobiles and Components",,2,"1+2, 3","2030",
"COLAS SA",40011936,"969500DZBBMYHB8NAM93","Construction and Engineering",,2,"1+2, 3","2030",
"CONSOLIS GROUP SAS",40010739,"549300XRIKM91JOCW132","Construction Materials","Target set",2,"1+2, 3","2032",
"CULTURA",40017239,"969500317LJQV0MAA734","Retailing",,1,"1","2030",
"Carambar & Co",40013674,,"Food and Beverage Processing","Target set",3,"1+2, 3","2025, 2030",
"Cerba Healthcare",40008035,"9845000C1FYE89DC8677","Healthcare Providers and Services, and Healthcare Technology","Target set",2,"1+2, 3","2030",
"Chantelle Group",40000571,"969500A055BC4KPF8X30","Textiles, Apparel, Footwear and Luxury Goods","Target set",2,"1+2, 3","2029",
"Clariane",40008413,"969500WEPS61H6TJM037","Healthcare Providers and Services, and Healthcare Technology","Target set",2,"1+2, 3","2031",
"Clarins SAS",40006234,"969500QT3UWMZ2IZO173","Consumer Durables, Household and Personal Products","Target set",2,"1+2, 3","2030",
"Cofigeo",40016701,,"Food and Beverage Processing","Active",3,"1+2, 3","2035",
"Colisée Group",40007636,"894500PKLVR1SGF5OU45","Healthcare Providers and Services, and Healthcare Technology",,1,"1+2","2030",
"Compagnie Fruitière",40002375,"969500VTHLPXC3Y56369","Food Production - Agricultural Production","Target set",2,"1+2, 3","2030",
"Consort Group",40013918,,"Software and Services","Target set",2,"1+2, 3","2032",
"Contentsquare SAS",40010051,,"Software and Services","Target set",1,"1+2","2032",
"Coopérative U Enseigne",40011291,,"Food and Staples Retailing","Target set",4,"1+2, 3","2030",
"Cristal Union",40010407,"969500D8BWYH453FLN28","Food Production - Agricultural Production",,2,"1+2, 3","2030",
"DELTA DORE",40015233,"969500CNWQZH6Z1CVG21","Electrical Equipment and Machinery","Target set",1,"1+2","2031",
"DOMUSVI (HOMEVI SAS)",40015136,"9695001URJB6VUATPK20","Healthcare Providers and Services, and Healthcare Technology","Target set",2,"1+2, 3","2030",
"Delpharm",40018490,,"Pharmaceuticals, Biotechnology and Life Sciences","Target set",2,"1+2, 3","2030",
"ELECTRO DEPOT",40005360,"9695005T4KK6KU5PQ212","Retailing",,1,"1+2","2030",
"EQUANS",40010513,"969500YC6ZKE2VXLI756","Construction and Engineering","Target set",1,"1+2","2030",
"EXTIA",40002043,,"Professional Services","Target set",2,"1+2, 3","2030",
"Easyvista",40004960,"969500DZFCRP2J1R3H27","Software and Services",,1,"1+2","2030",
"EcoVadis",40003646,"969500HU9OL6Y7UAG019","Professional Services","Target set",2,"1+2","2030, 2040",
"Egis Group",40004890,,"Construction and Engineering","Target set",4,"1+2, 3","2033, 2050",
"Equativ",40022969,,"Software and Services","Target set",1,"1+2","2030",
"Exotec",40022459,,"Electrical Equipment and Machinery","Target set",1,"1+2","2030",
"Expanscience",40000314,"969500C4Z0KZ5S29WM22","Pharmaceuticals, Biotechnology and Life Sciences","Target set",3,"1+2, 1+2+3, 3","2030, 2050",
"FLEXITECH",40005790,,"Automobiles and Components","Target set",1,"1+2","2030",
"FM Logistic",40000531,,"Ground Transportation - Trucking Transportation","Target set",1,"1+2","2030",
"FORSEE POWER",40003960,"969500S7F4LVSHHUZB87","Electrical Equipment and Machinery","Target set",2,"1+2","2030, 2045",
"Fountaine Pajot",40001381,,"Water Transportation - Water Transportation","Target set",2,"1+2","2030, 2050",
"France Télévisions Publicité",40007721,,"Media","Target set",2,"1+2, 3","2030",
"Fromagerie Henri Hutin SARL",40008079,,"Food and Beverage Processing","Target set",2,"1+2, 3","2033",
"GA SMART BUILDING",40008904,,"Building Products","Target set",1,"1+2","2030",
"GERFLOR",40013014,"969500Q2MA9VBQ8BG884","Building Products","Target set",2,"1+2, 3","2030",
"GORON",40006784,,"Specialized Consumer Services","Target set",2,"1+2, 3","2030",
"GROUPE BEAUMANOIR",40022479,,"Retailing","Target set",2,"1+2, 3","2030",
"GROUPE M6",40025572,"96950018NOMJX5XRH047","Media",,2,"1+2, 3","2030",
"Galeries Lafayette",40013563,,"Retailing",,2,"1+2, 3","2030",
"GeoPost / DPDgroup",40011036,,"Air Freight Transportation and Logistics",,2,"1+2+3","2030, 2040",
"Group IMV Technologies",40003674,,"Food Production - Animal Source Food Production","Target set",2,"1+2, 3","2030",
"Groupe Altaïr",40003064,"969500KCEW7ID0VBNF85","Trading Companies and Distributors, and Commercial Services and Supplies",,2,"1+2, 3","2030",
"Groupe Astek",40005843,"969500X98DN7KZWPI973","Software and Services","Target set",3,"1+2, 1+2+3, 3","2034, 2050",
"Groupe Ateliers de France",40016509,"9695002C53V9AK9J1Y63","Building Products","Target set",2,"1+2, 3","2033",
"Groupe Barbier",40006131,"969500S0MAVHBQJJAK47","Containers and Packaging","Target set",2,"1+2, 3","2035",
"Groupe CAT",40011959,,"Ground Transportation - Trucking Transportation","Target set",2,"1+2","2030, 2050",
"Groupe Etam",40007834,,"Textiles, Apparel, Footwear and Luxury Goods","Target set",1,"1+2","2030",
"Groupe FEHR",40011962,,"Building Products","Target set",2,"1+2, 3","2030",
"Groupe Public Ferroviaire (GPF) – SNCF",40009345,,"Ground Transportation - Railroads Transportation",,2,"1+2, 3","2030",
"Groupe Qualiconsult",40003024,,"Professional Services","Target set",2,"1+2, 3","2030",
"Groupe Rocher",40004628,"549300KJPQZ8FP5J7V50","Consumer Durables, Household and Personal Products","Target set",2,"1+2, 3","2030",
"Groupe Rosa Holding",40005992,,"Textiles, Apparel, Footwear and Luxury Goods","Target set",1,"1+2","2030",
"Groupe Rossignol",40008314,"969500SGV26Y04IPJI24","Consumer Durables, Household and Personal Products","Target set",2,"1+2, 3","2030",
"Groupe SNCF",40023088,,"Ground Transportation - Railroads Transportation","Target set",3,"1+2, 3","2030",
"Groupe VIVESCIA",40006039,"969500VBPGMWV7QO9603","Food Production - Agricultural Production","Target set",3,"1+2, 3","2030",
"Guerlain",40008017,"969500THYD54MF9O2754","Consumer Durables, Household and Personal Products",,1,"1+2","2030",
"HAMELIN GROUP",40003464,"96950001JJXC8T6O7K24","Forest and Paper Products - Forestry, Timber, Pulp and Paper, Rubber","Target set",2,"1+2, 3","2030",
"HERIGE",40009181,"969500M6PGRQS475JN03","Construction Materials","Target set",1,"1+2","2030",
"HR PATH",40003253,,"Software and Services","Target set",1,"1+2","2031",
"Havea Group",40006335,"969500E5ONPU9OHYTX76","Food and Beverage Processing","Target set",2,"1+2, 3","2030",
"Huawei Technologies France S.A.S.U.",40001933,,"Technology Hardware and Equipment","Target set",1,"1+2","2030",
"INVIVO GROUP",40000838,,"Food Production - Agricultural Production","Target set",3,"1+2, 1+3, 3","2030",
"Iliad",40006788,"969500FZ9BTRZS3JNB97","Telecommunication Services","Target set",4,"1+2, 3","2030, 2050",
"JEMS",40014865,,"Software and Services","Target set",1,"1+2","2034",
"Jules",40002704,,"Textiles, Apparel, Footwear and Luxury Goods","Target set",1,"1+2","2030",
"KEOLIS RENNES",40008043,,"Ground Transportation - Railroads Transportation","Target set",2,"1+2+3, 3","2030",
"KILOUTOU",40007252,,"Trading Companies and Distributors, and Commercial Services and Supplies","Target set",3,"1+2, 3","2030",
"Kallista Energy",40005942,,"Electric Utilities and Independent Power Producers and Energy Traders (including Fossil, Alternative and Nuclear Energy)","Target set",1,"1","2030",
"Keolis",40008181,"969500568M45LZ4WYF39","Ground Transportation - Trucking Transportation","Target set",2,"1+2, 3","2030",
"Kersia",40012246,"96950076DF396N709047","Chemicals","Target set",1,"1+2","2030",
"LABELIUM GROUP",40009266,"9695001S41YHQ5ZOK111","Media","Target set",2,"1+2","2032, 2050",
"LAGARDERE TRAVEL RETAIL",40001000,,"Retailing","Target set",4,"1+2, 3","2030",
"LAÏTA",40011653,"969500V6B10Q5VDTBT43","Food and Beverage Processing","Target set",3,"1+2, 1+3, 3","2030",
"LEROY MERLIN FRANCE",40002984,"549300MIFJ37MRBXG431","Retailing","Target set",3,"1+2, 3","2030",
"LVMH",40001522,,"Textiles, Apparel, Footwear and Luxury Goods","Target set",6,"1+2, 1+3, 3","2030, 2033, 2050",
"La Française des jeux (FDJ)",40006099,"969500R4CLSQFTYYI535","Hotels, Restaurants and Leisure, and Tourism Services",,2,"1+2, 3","2025",
"La Poste Immobilier",40006263,,"Real Estate","Target set",2,"3","2030, 2050",
"Labeyrie Fine Foods",40000471,"9695006DAQ2QM2EZ8H43","Food and Beverage Processing",,1,"1+2","2030",
"Lacoste",40000245,"969500W7UW4A49S55936","Textiles, Apparel, Footwear and Luxury Goods","Target set",1,"1+2","2030",
"Le Bélier",40011641,"9695000AP2KEEGUKSV22","Automobiles and Components",,1,"1+2","2030",
"Lebronze alloys",40015422,,"Mining - Iron, Aluminum, Other Metals","Target set",2,"1+2, 3","2030",
"Les Petits Chaperons Rouges",40026629,"96950051Y8GCLVHYVW74","Education Services","Target set",2,"1+2, 3","2033",
"Limagrain",40007011,,"Food Production - Agricultural Production","Target set",2,"1+2, 3","2030",
"Louis Vuitton Malletier",40013656,"969500UCUCRLUC0YBF90","Textiles, Apparel, Footwear and Luxury Goods",,1,"1+2","2030",
"Louvre Hotels Group",40016097,,"Hotels, Restaurants and Leisure, and Tourism Services","Target set",2,"1+2, 3","2030",
"Loxam",40007655,"969500BNA2YRNE1R5K91","Trading Companies and Distributors, and Commercial Services and Supplies","Target set",5,"1+2, 3","2030, 2050",
"MAILLAJ",40029142,,"Trading Companies and Distributors, and Commercial Services and Supplies",,2,"1+2, 3","2035",
"MAKE UP FOR EVER",40015125,"969500XJ77D2FX8E4P36","Consumer Durables, Household and Personal Products","Target set",2,"1+2, 3","2030",
"MALHERBE",40010745,"969500NOHLU8BP165249","Ground Transportation - Trucking Transportation","Target set",4,"1+2, 3","2030",
"MAYOLY",40004371,,"Pharmaceuticals, Biotechnology and Life Sciences","Target set",1,"1+2","2030",
"MG Holding",40020826,"969500REK0ENJXD90B21","Electrical Equipment and Machinery","Target set",2,"1+2, 3","2033",
"Mademoiselle Desserts International",40010966,"969500ELT338V54MFM57","Food and Beverage Processing","Target set",2,"1+2, 3","2030",
"Manitou Group",40001189,"9695008SHP3XTT9QCM25","Electrical Equipment and Machinery",,1,"1+2","2030",
"ManoMano (Colibri SAS)",40009479,,"Retailing","Target set",1,"1+2","2030",
"Manutan International",40000928,"969500DMA54G9G33MK42","Trading Companies and Distributors, and Commercial Services and Supplies","Target set",2,"1+2, 3","2030",
"Marionnaud",40017714,,"Retailing",,2,"1+2, 3","2030",
"Massilly Holding",40011241,"9695005B7L1MHXQITJ54","Containers and Packaging","Target set",2,"1+2, 3","2030",
"Monnoyeur",40013551,,"Trading Companies and Distributors, and Commercial Services and Supplies","Target set",1,"1+2","2030",
"Moët Hennessy",40002018,"9695001KGT7R5V1RYV77","Food and Beverage Processing","Target set",2,"1+2, 3","2030",
"MyMobility",40004376,"9695003JCXPH2CIRRN75","Ground Transportation - Trucking Transportation","Target set",4,"1+2, 3","2033, 2050",
"NEMERA",40005373,,"Healthcare Equipment and Supplies","Target set",1,"1+2","2030",
"NEXTEAM",40000072,,"Aerospace and Defense","Target set",2,"1+2, 3","2030",
"NXO",40022401,,"Telecommunication Services","Target set",2,"1+2, 3","2035",
"NeoXam",40015806,,"Software and Services",,1,"1+2","2029",
"Netceed",40018095,,"Telecommunication Services","Target set",1,"1+2","2035",
"Nutrition&Santé",40011805,"969500APVHU8GVHCKZ30","Food and Beverage Processing",,2,"1+2, 3","2030",
"OCEA Smart Building",40005565,,"Electrical Equipment and Machinery","Target set",2,"1+2, 3","2030",
"OVH Groupe",40014602,"9695001J8OSOVX4TP939","Software and Services","Target set",1,"1+2","2030",
"Onepoint",40012753,"8945007TRUIQ6OBZWV08","Professional Services","Target set",2,"1+2","2030, 2050",
"Opella.",40021794,,"Pharmaceuticals, Biotechnology and Life Sciences",,4,"1+2, 3","2034, 2050",
"Open",40008492,,"Software and Services","Target set",1,"1+2+3","2030",
"PANZANI",40005697,,"Food and Beverage Processing","Target set",5,"1+2, 1+2+3, 3","2030, 2050",
"PH-CH SAS : PIPER-HEIDSIECK, CHARLES HEIDSIECK, RARE CHAMPAGNE",40015455,"969500B5CGX5GQJNI131","Food Production - Agricultural Production","Target set",1,"1+2","2030",
"PILEJE",40009128,,"Pharmaceuticals, Biotechnology and Life Sciences","Target set",1,"1+2","2034",
"POCLAIN",40006206,"969500B9WVT737KRZO11","Electrical Equipment and Machinery","Target set",2,"1+2, 3","2030",
"PSA Automobiles SA",40010408,"969500TZ5950IT5FPQ42","Automobiles and Components",,1,"1+2","2034",
"PUISSANCE 5",40025712,,"Professional Services","Target set",1,"1+2","2030",
"Parfums Christian Dior",40008542,"969500SGNAORSUCY7W59","Consumer Durables, Household and Personal Products",,2,"1+2, 3","2030",
"Pluxee",40005855,"969500SG421IIHWOKN37","Professional Services","Target set",4,"1+2, 3","2030, 2035",
"ProductLife Group",40005651,,"Pharmaceuticals, Biotechnology and Life Sciences","Target set",1,"1+2","2032",
"RATP",40001280,,"Ground Transportation - Railroads Transportation","Target set",1,"1+2+3","2027",
"Rector Lesage sas",40016751,,"Building Products","Target set",2,"1+2, 3","2030",
"Roquette S.A.",40015187,,"Food and Beverage Processing","Target set",2,"1+2, 3","2030",
"SAVENCIA Fromage & Dairy",40006972,"5299006UH636V4UOZS07","Food and Beverage Processing",,1,"1+2","2030",
"SAVERGLASS",40003808,"969500K7BVA7NCQ9GE24","Containers and Packaging",,1,"1+2","2035",
"SERVIER",40009853,,"Pharmaceuticals, Biotechnology and Life Sciences",,3,"1+2, 3","2030",
"SFR",40018407,,"Telecommunication Services","Target set",2,"1+2+3","2030, 2050",
"SILAB",40005642,"969500IDUPIE2FFX3B27","Pharmaceuticals, Biotechnology and Life Sciences",,1,"1+2","2030",
"SOMFY",40005294,"969500D830K8WFLKFS83","Electrical Equipment and Machinery",,1,"1+2","2030",
"SOUFFLET MALT",40020498,"969500TT7F14MK07XZ64","Food and Beverage Processing",,2,"1+2, 3","2030",
"SPHERE",40031370,,"Containers and Packaging",,2,"1+2, 3","2034",
"SQUARE",40000758,,"Professional Services",,1,"1+2","2031",
"ST MICHEL BISCUITS",40028598,,"Food and Beverage Processing","Target set",3,"1+2, 3","2030",
"STERNE GROUP",40008731,"96950033HQFO1LWS9C57","Ground Transportation - Trucking Transportation","Target set",4,"1+2, 3","2030, 2050",
"SULO SAS",40010178,,"Containers and Packaging","Target set",1,"1+2","2030",
"Salomon",40015214,"549300W1JNX1CTX19104","Textiles, Apparel, Footwear and Luxury Goods",,2,"1+2, 3","2030",
"Saur",40000856,"969500KI2WHWVQS6KU08","Water Utilities","Target set",2,"1+2, 3","2030",
"Savencia Group",40019796,,"Food and Beverage Processing","Target set",6,"1+2, 3","2035, 2050",
"Serge Ferrari",40019866,"96950056G9R2B625GK40","Building Products","Target set",1,"1+2","2030",
"Sodiaal Union",40014147,,"Food and Beverage Processing",,2,"1+2, 3","2030",
"Sogetrel",40014718,,"Telecommunication Services",,2,"1+2, 3","2030",
"Solina Group Services",40012555,"969500K5RZC1E3S1OS32","Food and Beverage Processing","Target set",3,"1+2, 3","2030",
"Sonepar",40001804,"969500VEVOWR22R2YR86","Electrical Equipment and Machinery",,2,"1+2, 3","2030",
"Spie batignolles",40018582,"969500GEHCCQHWGSYG40","Construction and Engineering","Target set",2,"1+2, 3","2030",
"Stuart Delivery",40012252,"9598005K213NU98DVM18","Software and Services","Target set",2,"1+2+3","2030, 2035",
"TF1 Group",40000300,"969500WQFC6OAQYG7E65","Media",,2,"1+2, 3","2030",
"TRUFFAUT",40022411,"969500IUTAJQ4B97AN80","Retailing","Target set",3,"1+2, 3","2030",
"TSG HOLDING SOLUTIONS (TSG Group)",40004210,,"Construction Materials","Target set",1,"1+2","2030",
"Technology & Strategy",40011388,,"Software and Services","Target set",1,"1+2","2033",
"Tecnifibre",40020748,,"Textiles, Apparel, Footwear and Luxury Goods","Target set",1,"1+2","2030",
"Telenco Group",40007942,,"Technology Hardware and Equipment","Target set",2,"1+2, 3","2033",
"Thésée Datacenter",40013015,,"Telecommunication Services",,1,"1+2","2030",
"UTAC",40009153,"894500I0UFL02B07TA38","Automobiles and Components","Target set",2,"1+2, 3","2030",
"Ubisoft Entertainment",40010242,"969500I7C8V1LBIMSM05","Software and Services","Target set",1,"1+2","2030",
"Verescence",40011984,"9845007896BEDCEE8E72","Containers and Packaging",,2,"1+2, 3","2034",
"Vestiaire Collective",40014309,"969500EQPXQ9HVE0A730","Retailing","Target set",1,"1+2","2027",
"VusionGroup",40002674,"969500U51BYOMEW9M549","Technology Hardware and Equipment","Target set",1,"1+2","2030",
"Wifirst",40018617,,"Telecommunication Services","Target set",1,"1+2","2030",
"Zadig&Voltaire",40006858,"969500S60KYPPM2VHY03","Textiles, Apparel, Footwear and Luxury Goods","Target set",1,"1+2","2030",
